/*M!999999\- enable the sandbox mode */ 
-- MariaDB dump 10.19-12.1.2-MariaDB, for osx10.20 (arm64)
--
-- Host: localhost    Database: HealthDiary
-- ------------------------------------------------------
-- Server version	12.1.2-MariaDB

/*!40101 SET @OLD_CHARACTER_SET_CLIENT=@@CHARACTER_SET_CLIENT */;
/*!40101 SET @OLD_CHARACTER_SET_RESULTS=@@CHARACTER_SET_RESULTS */;
/*!40101 SET @OLD_COLLATION_CONNECTION=@@COLLATION_CONNECTION */;
/*!40101 SET NAMES utf8mb4 */;
/*!40103 SET @OLD_TIME_ZONE=@@TIME_ZONE */;
/*!40103 SET TIME_ZONE='+00:00' */;
/*!40014 SET @OLD_UNIQUE_CHECKS=@@UNIQUE_CHECKS, UNIQUE_CHECKS=0 */;
/*!40014 SET @OLD_FOREIGN_KEY_CHECKS=@@FOREIGN_KEY_CHECKS, FOREIGN_KEY_CHECKS=0 */;
/*!40101 SET @OLD_SQL_MODE=@@SQL_MODE, SQL_MODE='NO_AUTO_VALUE_ON_ZERO' */;
/*M!100616 SET @OLD_NOTE_VERBOSITY=@@NOTE_VERBOSITY, NOTE_VERBOSITY=0 */;

--
-- Table structure for table `DiaryEntries`
--

DROP TABLE IF EXISTS `DiaryEntries`;
/*!40101 SET @saved_cs_client     = @@character_set_client */;
/*!40101 SET character_set_client = utf8mb4 */;
CREATE TABLE `DiaryEntries` (
  `entry_id` int(11) NOT NULL AUTO_INCREMENT,
  `user_id` int(11) NOT NULL,
  `entry_date` date NOT NULL,
  `mood` varchar(50) DEFAULT NULL,
  `weight` decimal(5,2) DEFAULT NULL,
  `sleep_hours` int(11) DEFAULT NULL,
  `notes` text DEFAULT NULL,
  `created_at` datetime NOT NULL DEFAULT current_timestamp(),
  PRIMARY KEY (`entry_id`),
  KEY `user_id` (`user_id`),
  CONSTRAINT `1` FOREIGN KEY (`user_id`) REFERENCES `Users` (`user_id`)
) ENGINE=InnoDB AUTO_INCREMENT=6 DEFAULT CHARSET=utf8mb4 COLLATE=utf8mb4_general_ci;
/*!40101 SET character_set_client = @saved_cs_client */;

--
-- Dumping data for table `DiaryEntries`
--

LOCK TABLES `DiaryEntries` WRITE;
/*!40000 ALTER TABLE `DiaryEntries` DISABLE KEYS */;
set autocommit=0;
INSERT INTO `DiaryEntries` VALUES
(1,1,'2024-01-10','Happy',70.50,8,'Had a great workout session','2024-01-10 20:00:00'),
(2,2,'2024-01-11','Satisfied',65.00,7,'Met with friends, had a good time','2024-01-11 21:00:00'),
(3,3,'2024-01-12','Tired',68.00,6,'Work was demanding','2024-01-12 22:00:00'),
(4,4,'2024-01-13','Energetic',55.00,9,'Went for a morning run','2024-01-13 18:00:00'),
(5,4,'2024-01-14','Relaxed',75.00,8,'Spent the day reading','2024-01-14 19:00:00');
/*!40000 ALTER TABLE `DiaryEntries` ENABLE KEYS */;
UNLOCK TABLES;
commit;

--
-- Table structure for table `Exercises`
--

DROP TABLE IF EXISTS `Exercises`;
/*!40101 SET @saved_cs_client     = @@character_set_client */;
/*!40101 SET character_set_client = utf8mb4 */;
CREATE TABLE `Exercises` (
  `exercise_id` int(11) NOT NULL AUTO_INCREMENT,
  `user_id` int(11) NOT NULL,
  `type` varchar(100) NOT NULL,
  `duration` int(11) NOT NULL,
  `intensity` varchar(50) DEFAULT NULL,
  `date` date DEFAULT NULL,
  PRIMARY KEY (`exercise_id`),
  KEY `user_id` (`user_id`),
  CONSTRAINT `1` FOREIGN KEY (`user_id`) REFERENCES `Users` (`user_id`)
) ENGINE=InnoDB AUTO_INCREMENT=8 DEFAULT CHARSET=utf8mb4 COLLATE=utf8mb4_general_ci;
/*!40101 SET character_set_client = @saved_cs_client */;

--
-- Dumping data for table `Exercises`
--

LOCK TABLES `Exercises` WRITE;
/*!40000 ALTER TABLE `Exercises` DISABLE KEYS */;
set autocommit=0;
INSERT INTO `Exercises` VALUES
(1,1,'Running',30,'High','2024-01-10'),
(2,3,'Cycling',45,'Medium','2024-01-11'),
(3,2,'Swimming',55,'Low','2024-01-12'),
(4,1,'Swimming',30,'Medium','2024-01-16'),
(5,3,'Swimming',60,'Low','2024-01-18'),
(6,3,'Yoga',50,'Low','2024-01-18'),
(7,1,'Weight Training',40,'High','2024-01-19');
/*!40000 ALTER TABLE `Exercises` ENABLE KEYS */;
UNLOCK TABLES;
commit;

--
-- Table structure for table `Medications`
--

DROP TABLE IF EXISTS `Medications`;
/*!40101 SET @saved_cs_client     = @@character_set_client */;
/*!40101 SET character_set_client = utf8mb4 */;
CREATE TABLE `Medications` (
  `medication_id` int(11) NOT NULL AUTO_INCREMENT,
  `user_id` int(11) NOT NULL,
  `name` varchar(100) NOT NULL,
  `dosage` varchar(50) DEFAULT NULL,
  `frequency` varchar(50) DEFAULT NULL,
  `start_date` date DEFAULT NULL,
  `end_date` date DEFAULT NULL,
  PRIMARY KEY (`medication_id`),
  KEY `user_id` (`user_id`),
  CONSTRAINT `1` FOREIGN KEY (`user_id`) REFERENCES `Users` (`user_id`)
) ENGINE=InnoDB AUTO_INCREMENT=6 DEFAULT CHARSET=utf8mb4 COLLATE=utf8mb4_general_ci;
/*!40101 SET character_set_client = @saved_cs_client */;

--
-- Dumping data for table `Medications`
--

LOCK TABLES `Medications` WRITE;
/*!40000 ALTER TABLE `Medications` DISABLE KEYS */;
set autocommit=0;
INSERT INTO `Medications` VALUES
(1,1,'Vitamin D','1000 IU','Daily','2024-01-01','2024-06-01'),
(2,2,'Ibuprofen','200 mg','As needed','2024-01-05','2024-01-20'),
(3,2,'Amoxicillin','500 mg','Every 8 hours','2024-01-10','2024-01-20'),
(4,4,'Metformin','500 mg','Twice a day','2024-01-15','2024-07-15'),
(5,2,'Lisinopril','10 mg','Daily','2024-01-20','2024-07-20');
/*!40000 ALTER TABLE `Medications` ENABLE KEYS */;
UNLOCK TABLES;
commit;

--
-- Table structure for table `Users`
--

DROP TABLE IF EXISTS `Users`;
/*!40101 SET @saved_cs_client     = @@character_set_client */;
/*!40101 SET character_set_client = utf8mb4 */;
CREATE TABLE `Users` (
  `user_id` int(11) NOT NULL AUTO_INCREMENT,
  `username` varchar(50) NOT NULL,
  `password` varchar(255) NOT NULL,
  `email` varchar(100) NOT NULL,
  `created_at` datetime NOT NULL DEFAULT current_timestamp(),
  `user_level` varchar(10) DEFAULT 'regular',
  PRIMARY KEY (`user_id`),
  UNIQUE KEY `username` (`username`),
  UNIQUE KEY `email` (`email`)
) ENGINE=InnoDB AUTO_INCREMENT=5 DEFAULT CHARSET=utf8mb4 COLLATE=utf8mb4_general_ci;
/*!40101 SET character_set_client = @saved_cs_client */;

--
-- Dumping data for table `Users`
--

LOCK TABLES `Users` WRITE;
/*!40000 ALTER TABLE `Users` DISABLE KEYS */;
set autocommit=0;
INSERT INTO `Users` VALUES
(1,'johndoe','hashed_password','johndoe@example.com','2024-01-01 09:00:00','regular'),
(2,'janedoe','hashed_password','janedoe@example.com','2024-01-02 10:00:00','admin'),
(3,'alice_jones','hashed_password','alice@example.com','2024-01-04 08:30:00','regular'),
(4,'bob_brown','hashed_password','bob@example.com','2024-01-05 07:45:00','regular');
/*!40000 ALTER TABLE `Users` ENABLE KEYS */;
UNLOCK TABLES;
commit;
/*!40103 SET TIME_ZONE=@OLD_TIME_ZONE */;

/*!40101 SET SQL_MODE=@OLD_SQL_MODE */;
/*!40014 SET FOREIGN_KEY_CHECKS=@OLD_FOREIGN_KEY_CHECKS */;
/*!40014 SET UNIQUE_CHECKS=@OLD_UNIQUE_CHECKS */;
/*!40101 SET CHARACTER_SET_CLIENT=@OLD_CHARACTER_SET_CLIENT */;
/*!40101 SET CHARACTER_SET_RESULTS=@OLD_CHARACTER_SET_RESULTS */;
/*!40101 SET COLLATION_CONNECTION=@OLD_COLLATION_CONNECTION */;
/*M!100616 SET NOTE_VERBOSITY=@OLD_NOTE_VERBOSITY */;

-- Dump completed on 2026-01-29 10:10:52